/*
Deployment script for CoffeeToGo

This code was generated by a tool.
Changes to this file may cause incorrect behavior and will be lost if
the code is regenerated.
*/

GO
SET ANSI_NULLS, ANSI_PADDING, ANSI_WARNINGS, ARITHABORT, CONCAT_NULL_YIELDS_NULL, QUOTED_IDENTIFIER ON;

SET NUMERIC_ROUNDABORT OFF;


GO
:setvar DatabaseName "CoffeeToGo"
:setvar DefaultFilePrefix "CoffeeToGo"
:setvar DefaultDataPath ""
:setvar DefaultLogPath ""

GO
:on error exit
GO
/*
Detect SQLCMD mode and disable script execution if SQLCMD mode is not supported.
To re-enable the script after enabling SQLCMD mode, execute the following:
SET NOEXEC OFF; 
*/
:setvar __IsSqlCmdEnabled "True"
GO
IF N'$(__IsSqlCmdEnabled)' NOT LIKE N'True'
    BEGIN
        PRINT N'SQLCMD mode must be enabled to successfully execute this script.';
        SET NOEXEC ON;
    END


GO
IF EXISTS (SELECT 1
           FROM   [sys].[databases]
           WHERE  [name] = N'$(DatabaseName)')
    BEGIN
        ALTER DATABASE [$(DatabaseName)]
            SET ANSI_NULLS ON,
                ANSI_PADDING ON,
                ANSI_WARNINGS ON,
                ARITHABORT ON,
                CONCAT_NULL_YIELDS_NULL ON,
                QUOTED_IDENTIFIER ON,
                ANSI_NULL_DEFAULT ON 
            WITH ROLLBACK IMMEDIATE;
    END


GO
IF EXISTS (SELECT 1
           FROM   [sys].[databases]
           WHERE  [name] = N'$(DatabaseName)')
    BEGIN
        ALTER DATABASE [$(DatabaseName)]
            SET ALLOW_SNAPSHOT_ISOLATION OFF;
    END


GO
PRINT N'Creating [dbo].[Beverage]...';


GO
CREATE TABLE [dbo].[Beverage] (
    [BeverageId]  INT                IDENTITY (1, 1) NOT NULL,
    [Name]        NVARCHAR (50)      NOT NULL,
    [Description] NVARCHAR (500)     NULL,
    [DateCreated] DATETIMEOFFSET (7) NOT NULL,
    [DateUpdated] DATETIMEOFFSET (7) NOT NULL,
    CONSTRAINT [PK_Beverage] PRIMARY KEY CLUSTERED ([BeverageId] ASC)
);


GO
PRINT N'Creating [dbo].[BeverageIngredient]...';


GO
CREATE TABLE [dbo].[BeverageIngredient] (
    [BeverageId]   INT                NOT NULL,
    [IngredientId] INT                NOT NULL,
    [Units]        INT                NOT NULL,
    [DateCreated]  DATETIMEOFFSET (7) NOT NULL,
    [DateUpdated]  DATETIMEOFFSET (7) NOT NULL,
    CONSTRAINT [PK_BeverageIngredient] PRIMARY KEY CLUSTERED ([BeverageId] ASC, [IngredientId] ASC)
);


GO
PRINT N'Creating [dbo].[Ingredient]...';


GO
CREATE TABLE [dbo].[Ingredient] (
    [IngredientId]   INT                IDENTITY (1, 1) NOT NULL,
    [Name]           NVARCHAR (50)      NOT NULL,
    [Description]    NVARCHAR (500)     NULL,
    [RemainingUnits] INT                NULL,
    [UnitsInPack]    INT                NULL,
    [DateUpdated]    DATETIMEOFFSET (7) NOT NULL,
    [DateCreated]    DATETIMEOFFSET (7) NOT NULL,
    CONSTRAINT [PK_Inventories] PRIMARY KEY CLUSTERED ([IngredientId] ASC)
);


GO
PRINT N'Creating [dbo].[Orders]...';


GO
CREATE TABLE [dbo].[Orders] (
    [OrderId]     INT                IDENTITY (1, 1) NOT NULL,
    [BeverageId]  INT                NOT NULL,
    [OrderedBy]   NVARCHAR (50)      NOT NULL,
    [Notes]       NVARCHAR (500)     NULL,
    [DateCreated] DATETIMEOFFSET (7) NOT NULL,
    [DateUpdated] DATETIMEOFFSET (7) NOT NULL,
    CONSTRAINT [PK_Orders] PRIMARY KEY CLUSTERED ([OrderId] ASC)
);


GO
PRINT N'Creating [dbo].[FK_BeverageIngredient_Beverage]...';


GO
ALTER TABLE [dbo].[BeverageIngredient] WITH NOCHECK
    ADD CONSTRAINT [FK_BeverageIngredient_Beverage] FOREIGN KEY ([BeverageId]) REFERENCES [dbo].[Beverage] ([BeverageId]);


GO
PRINT N'Creating [dbo].[FK_BeverageIngredient_Ingredient]...';


GO
ALTER TABLE [dbo].[BeverageIngredient] WITH NOCHECK
    ADD CONSTRAINT [FK_BeverageIngredient_Ingredient] FOREIGN KEY ([IngredientId]) REFERENCES [dbo].[Ingredient] ([IngredientId]);


GO
PRINT N'Creating [dbo].[FK_Orders_Beverage]...';


GO
ALTER TABLE [dbo].[Orders] WITH NOCHECK
    ADD CONSTRAINT [FK_Orders_Beverage] FOREIGN KEY ([BeverageId]) REFERENCES [dbo].[Beverage] ([BeverageId]);


GO
/*
Post-Deployment Script Template							
--------------------------------------------------------------------------------------
 This file contains SQL statements that will be appended to the build script.		
 Use SQLCMD syntax to include a file in the post-deployment script.			
 Example:      :r .\myfile.sql								
 Use SQLCMD syntax to reference a variable in the post-deployment script.		
 Example:      :setvar TableName MyTable							
               SELECT * FROM [$(TableName)]					
--------------------------------------------------------------------------------------
*/

SET IDENTITY_INSERT [dbo].[Beverage] ON 

GO
INSERT [dbo].[Beverage] ([BeverageId], [Name], [Description], [DateCreated], [DateUpdated]) VALUES (1, N'Double Americano', N'Double Americano', CAST(N'2018-11-27T08:15:52.9530000+08:00' AS DateTimeOffset), CAST(N'2018-11-27T08:15:52.9530000+08:00' AS DateTimeOffset))
GO
INSERT [dbo].[Beverage] ([BeverageId], [Name], [Description], [DateCreated], [DateUpdated]) VALUES (2, N'Sweet Latte', N'Sweet Latte', CAST(N'2018-11-27T08:15:52.9530000+08:00' AS DateTimeOffset), CAST(N'2018-11-27T08:15:52.9530000+08:00' AS DateTimeOffset))
GO
INSERT [dbo].[Beverage] ([BeverageId], [Name], [Description], [DateCreated], [DateUpdated]) VALUES (3, N'Flat White', N'Flat White', CAST(N'2018-11-27T08:15:52.9530000+08:00' AS DateTimeOffset), CAST(N'2018-11-27T08:15:52.9530000+08:00' AS DateTimeOffset))
GO
SET IDENTITY_INSERT [dbo].[Beverage] OFF
GO
SET IDENTITY_INSERT [dbo].[Ingredient] ON 

GO
INSERT [dbo].[Ingredient] ([IngredientId], [Name], [Description], [RemainingUnits], [UnitsInPack], [DateUpdated], [DateCreated]) VALUES (1, N'Coffee Beans', N'Coffee Beans', 15, 15, CAST(N'2018-11-27T08:15:52.9530000+08:00' AS DateTimeOffset), CAST(N'2018-11-27T08:15:52.9530000+08:00' AS DateTimeOffset))
GO
INSERT [dbo].[Ingredient] ([IngredientId], [Name], [Description], [RemainingUnits], [UnitsInPack], [DateUpdated], [DateCreated]) VALUES (2, N'Sugar', N'Sugar', 15, 15, CAST(N'2018-11-27T08:15:52.9530000+08:00' AS DateTimeOffset), CAST(N'2018-11-27T08:15:52.9530000+08:00' AS DateTimeOffset))
GO
INSERT [dbo].[Ingredient] ([IngredientId], [Name], [Description], [RemainingUnits], [UnitsInPack], [DateUpdated], [DateCreated]) VALUES (3, N'Milk', N'Milk', 15, 15, CAST(N'2018-11-27T08:15:52.9530000+08:00' AS DateTimeOffset), CAST(N'2018-11-27T08:15:52.9530000+08:00' AS DateTimeOffset))
GO
SET IDENTITY_INSERT [dbo].[Ingredient] OFF
GO
INSERT [dbo].[BeverageIngredient] ([BeverageId], [IngredientId], [Units], [DateCreated], [DateUpdated]) VALUES (1, 1, 3, CAST(N'2018-11-27T08:15:52.9530000+08:00' AS DateTimeOffset), CAST(N'2018-11-27T08:15:52.9530000+08:00' AS DateTimeOffset))
GO
INSERT [dbo].[BeverageIngredient] ([BeverageId], [IngredientId], [Units], [DateCreated], [DateUpdated]) VALUES (2, 1, 2, CAST(N'2018-11-27T08:15:52.9530000+08:00' AS DateTimeOffset), CAST(N'2018-11-27T08:15:52.9530000+08:00' AS DateTimeOffset))
GO
INSERT [dbo].[BeverageIngredient] ([BeverageId], [IngredientId], [Units], [DateCreated], [DateUpdated]) VALUES (2, 2, 5, CAST(N'2018-11-27T08:15:52.9530000+08:00' AS DateTimeOffset), CAST(N'2018-11-27T08:15:52.9530000+08:00' AS DateTimeOffset))
GO
INSERT [dbo].[BeverageIngredient] ([BeverageId], [IngredientId], [Units], [DateCreated], [DateUpdated]) VALUES (2, 3, 3, CAST(N'2018-11-27T08:15:52.9530000+08:00' AS DateTimeOffset), CAST(N'2018-11-27T08:15:52.9530000+08:00' AS DateTimeOffset))
GO
INSERT [dbo].[BeverageIngredient] ([BeverageId], [IngredientId], [Units], [DateCreated], [DateUpdated]) VALUES (3, 1, 2, CAST(N'2018-11-27T08:15:52.9530000+08:00' AS DateTimeOffset), CAST(N'2018-11-27T08:15:52.9530000+08:00' AS DateTimeOffset))
GO
INSERT [dbo].[BeverageIngredient] ([BeverageId], [IngredientId], [Units], [DateCreated], [DateUpdated]) VALUES (3, 2, 1, CAST(N'2018-11-27T08:15:52.9530000+08:00' AS DateTimeOffset), CAST(N'2018-11-27T08:15:52.9530000+08:00' AS DateTimeOffset))
GO
INSERT [dbo].[BeverageIngredient] ([BeverageId], [IngredientId], [Units], [DateCreated], [DateUpdated]) VALUES (3, 3, 4, CAST(N'2018-11-27T08:15:52.9530000+08:00' AS DateTimeOffset), CAST(N'2018-11-27T08:15:52.9530000+08:00' AS DateTimeOffset))
GO

GO
